event,status,method,url,body_length,body_sample
request,,GET,https://www.bi.go.id/hargapangan,,
response,200.0,,https://www.bi.go.id/hargapangan,313230.0," <!DOCTYPE html> <html dir=""ltr"" lang=""en-US""> <head>      <meta http-equiv=""content-type"" content=""text/html; charset=utf-8"" />     <meta name=""author"" content=""SemiColonWeb"" />      <!-- Stylesheets     ============================================= -->     <link rel=""stylesheet"" href=""/hargapangan/assets/fonts/fonts.css"" />     <link rel=""stylesheet"" href=""/hargapangan/css/bootstrap.css"" type=""text/css"" />     <link rel=""stylesheet"" href=""/hargapangan/style.css"" type=""text/css"" />     <link rel=""stylesheet"" href=""/hargapangan/css/swiper.css"" type=""text/css"" />     <link rel=""stylesheet"" href=""/hargapangan/css/dark.css"" type=""text/css"" />     <link rel=""stylesheet"" href=""/hargapangan/css/font-icons.css"" type=""text/css"" />     <link rel=""stylesheet"" href=""/hargapangan/css/animate.css"" type=""text/css"" />     <link rel=""stylesheet"" href=""/hargapangan/css/magnific-popup.css"" type=""text/css"" />     <link rel=""stylesheet"" href=""/hargapangan/css/font-icons.css"" type=""text/c"
request,,GET,https://www.bi.go.id/hargapangan/assets/plugins/font-awesome/fonts/fontawesome-webfont.woff2?v=4.7.0,,
request,,GET,https://www.bi.go.id/hargapangan/WebSite/Home/GetCommoditiesTree?_=1777668631181,,
request,,GET,https://www.bi.go.id/hargapangan/WebSite/Home/GetType?filter=%5B%22price_type_id%22%2C1%5D&_=1777668631182,,
request,,GET,https://www.bi.go.id/hargapangan/WebSite/Home/GetProvinceAll?filter=%5B%22province_id%22%2C0%5D&_=1777668631183,,
request,,GET,https://www.bi.go.id/hargapangan/WebSite/Home/GetDummyMarkerForLegend?isPasokan=function()%20%7B%20return%20$(%22%23isPasokan%22).val();%20%7D,,
request,,GET,https://www.bi.go.id/hargapangan/WebSite/Home/GetHistogramData?tanggal=01%20Mei%202026&commodity=1&priceType=1&isPasokan=1&jenis=1&periode=1&provId=0&_=1777668631184,,
request,,GET,https://www.bi.go.id/hargapangan/WebSite/Home/GetProvinceAll?filter=%5B%22province_id%22%2C0%5D&_=1777668631185,,
request,,GET,https://www.bi.go.id/hargapangan/WebSite/Home/GetType?filter=%5B%22price_type_id%22%2C1%5D&_=1777668631186,,
request,,GET,https://www.bi.go.id/hargapangan/WebSite/Home/GetChartData?tempId=6f6ac9a3-9879-4485-a5b4-a6ff3156be82&comName=Bawang%20Merah%20Ukuran%20Sedang&_=1777668631187,,
request,,GET,https://www.bi.go.id/hargapangan/WebSite/Home/GetChartData?skip=0&take=20&tempId=6f6ac9a3-9879-4485-a5b4-a6ff3156be82&comName=Bawang%20Merah%20Ukuran%20Sedang&forInfo=true&_=1777668631188,,
request,,GET,https://www.bi.go.id/hargapangan/WebSite/Home/GetChartData?tempId=6f6ac9a3-9879-4485-a5b4-a6ff3156be82&comName=Bawang%20Putih%20Ukuran%20Sedang&_=1777668631189,,
request,,GET,https://www.bi.go.id/hargapangan/WebSite/Home/GetChartData?skip=0&take=20&tempId=6f6ac9a3-9879-4485-a5b4-a6ff3156be82&comName=Bawang%20Putih%20Ukuran%20Sedang&forInfo=true&_=1777668631190,,
request,,GET,https://www.bi.go.id/hargapangan/WebSite/Home/GetChartData?tempId=6f6ac9a3-9879-4485-a5b4-a6ff3156be82&comName=Beras%20Kualitas%20Bawah%20I&_=1777668631191,,
request,,GET,https://www.bi.go.id/hargapangan/WebSite/Home/GetChartData?skip=0&take=20&tempId=6f6ac9a3-9879-4485-a5b4-a6ff3156be82&comName=Beras%20Kualitas%20Bawah%20I&forInfo=true&_=1777668631192,,
request,,GET,https://www.bi.go.id/hargapangan/WebSite/Home/GetChartData?tempId=6f6ac9a3-9879-4485-a5b4-a6ff3156be82&comName=Beras%20Kualitas%20Bawah%20II&_=1777668631193,,
request,,GET,https://www.bi.go.id/hargapangan/WebSite/Home/GetChartData?skip=0&take=20&tempId=6f6ac9a3-9879-4485-a5b4-a6ff3156be82&comName=Beras%20Kualitas%20Bawah%20II&forInfo=true&_=1777668631194,,
request,,GET,https://www.bi.go.id/hargapangan/WebSite/Home/GetChartData?tempId=6f6ac9a3-9879-4485-a5b4-a6ff3156be82&comName=Beras%20Kualitas%20Medium%20I&_=1777668631195,,
request,,GET,https://www.bi.go.id/hargapangan/WebSite/Home/GetChartData?skip=0&take=20&tempId=6f6ac9a3-9879-4485-a5b4-a6ff3156be82&comName=Beras%20Kualitas%20Medium%20I&forInfo=true&_=1777668631196,,
request,,GET,https://www.bi.go.id/hargapangan/WebSite/Home/GetChartData?tempId=6f6ac9a3-9879-4485-a5b4-a6ff3156be82&comName=Beras%20Kualitas%20Medium%20II&_=1777668631197,,
request,,GET,https://www.bi.go.id/hargapangan/WebSite/Home/GetChartData?skip=0&take=20&tempId=6f6ac9a3-9879-4485-a5b4-a6ff3156be82&comName=Beras%20Kualitas%20Medium%20II&forInfo=true&_=1777668631198,,
request,,GET,https://www.bi.go.id/hargapangan/WebSite/Home/GetChartData?tempId=6f6ac9a3-9879-4485-a5b4-a6ff3156be82&comName=Beras%20Kualitas%20Super%20I&_=1777668631199,,
request,,GET,https://www.bi.go.id/hargapangan/WebSite/Home/GetChartData?skip=0&take=20&tempId=6f6ac9a3-9879-4485-a5b4-a6ff3156be82&comName=Beras%20Kualitas%20Super%20I&forInfo=true&_=1777668631200,,
request,,GET,https://www.bi.go.id/hargapangan/WebSite/Home/GetChartData?tempId=6f6ac9a3-9879-4485-a5b4-a6ff3156be82&comName=Beras%20Kualitas%20Super%20II&_=1777668631201,,
request,,GET,https://www.bi.go.id/hargapangan/WebSite/Home/GetChartData?skip=0&take=20&tempId=6f6ac9a3-9879-4485-a5b4-a6ff3156be82&comName=Beras%20Kualitas%20Super%20II&forInfo=true&_=1777668631202,,
request,,GET,https://www.bi.go.id/hargapangan/WebSite/Home/GetChartData?tempId=6f6ac9a3-9879-4485-a5b4-a6ff3156be82&comName=Cabai%20Merah%20Besar&_=1777668631203,,
request,,GET,https://www.bi.go.id/hargapangan/WebSite/Home/GetChartData?skip=0&take=20&tempId=6f6ac9a3-9879-4485-a5b4-a6ff3156be82&comName=Cabai%20Merah%20Besar&forInfo=true&_=1777668631204,,
request,,GET,https://www.bi.go.id/hargapangan/WebSite/Home/GetChartData?tempId=6f6ac9a3-9879-4485-a5b4-a6ff3156be82&comName=Cabai%20Merah%20Keriting%20&_=1777668631205,,
request,,GET,https://www.bi.go.id/hargapangan/WebSite/Home/GetChartData?skip=0&take=20&tempId=6f6ac9a3-9879-4485-a5b4-a6ff3156be82&comName=Cabai%20Merah%20Keriting%20&forInfo=true&_=1777668631206,,
request,,GET,https://www.bi.go.id/hargapangan/WebSite/Home/GetChartData?tempId=6f6ac9a3-9879-4485-a5b4-a6ff3156be82&comName=Cabai%20Rawit%20Hijau&_=1777668631207,,
request,,GET,https://www.bi.go.id/hargapangan/WebSite/Home/GetChartData?skip=0&take=20&tempId=6f6ac9a3-9879-4485-a5b4-a6ff3156be82&comName=Cabai%20Rawit%20Hijau&forInfo=true&_=1777668631208,,
request,,GET,https://www.bi.go.id/hargapangan/WebSite/Home/GetChartData?tempId=6f6ac9a3-9879-4485-a5b4-a6ff3156be82&comName=Cabai%20Rawit%20Merah&_=1777668631209,,
request,,GET,https://www.bi.go.id/hargapangan/WebSite/Home/GetChartData?skip=0&take=20&tempId=6f6ac9a3-9879-4485-a5b4-a6ff3156be82&comName=Cabai%20Rawit%20Merah&forInfo=true&_=1777668631210,,
request,,GET,https://www.bi.go.id/hargapangan/WebSite/Home/GetChartData?tempId=6f6ac9a3-9879-4485-a5b4-a6ff3156be82&comName=Daging%20Ayam%20Ras%20Segar&_=1777668631211,,
request,,GET,https://www.bi.go.id/hargapangan/WebSite/Home/GetChartData?skip=0&take=20&tempId=6f6ac9a3-9879-4485-a5b4-a6ff3156be82&comName=Daging%20Ayam%20Ras%20Segar&forInfo=true&_=1777668631212,,
request,,GET,https://www.bi.go.id/hargapangan/WebSite/Home/GetChartData?tempId=6f6ac9a3-9879-4485-a5b4-a6ff3156be82&comName=Daging%20Sapi%20Kualitas%201&_=1777668631213,,
request,,GET,https://www.bi.go.id/hargapangan/WebSite/Home/GetChartData?skip=0&take=20&tempId=6f6ac9a3-9879-4485-a5b4-a6ff3156be82&comName=Daging%20Sapi%20Kualitas%201&forInfo=true&_=1777668631214,,
request,,GET,https://www.bi.go.id/hargapangan/WebSite/Home/GetChartData?tempId=6f6ac9a3-9879-4485-a5b4-a6ff3156be82&comName=Daging%20Sapi%20Kualitas%202&_=1777668631215,,
request,,GET,https://www.bi.go.id/hargapangan/WebSite/Home/GetChartData?skip=0&take=20&tempId=6f6ac9a3-9879-4485-a5b4-a6ff3156be82&comName=Daging%20Sapi%20Kualitas%202&forInfo=true&_=1777668631216,,
request,,GET,https://www.bi.go.id/hargapangan/WebSite/Home/GetChartData?tempId=6f6ac9a3-9879-4485-a5b4-a6ff3156be82&comName=Gula%20Pasir%20Kualitas%20Premium&_=1777668631217,,
request,,GET,https://www.bi.go.id/hargapangan/WebSite/Home/GetChartData?skip=0&take=20&tempId=6f6ac9a3-9879-4485-a5b4-a6ff3156be82&comName=Gula%20Pasir%20Kualitas%20Premium&forInfo=true&_=1777668631218,,
request,,GET,https://www.bi.go.id/hargapangan/WebSite/Home/GetChartData?tempId=6f6ac9a3-9879-4485-a5b4-a6ff3156be82&comName=Gula%20Pasir%20Lokal&_=1777668631219,,
request,,GET,https://www.bi.go.id/hargapangan/WebSite/Home/GetChartData?skip=0&take=20&tempId=6f6ac9a3-9879-4485-a5b4-a6ff3156be82&comName=Gula%20Pasir%20Lokal&forInfo=true&_=1777668631220,,
request,,GET,https://www.bi.go.id/hargapangan/WebSite/Home/GetChartData?tempId=6f6ac9a3-9879-4485-a5b4-a6ff3156be82&comName=Minyak%20Goreng%20Curah&_=1777668631221,,
request,,GET,https://www.bi.go.id/hargapangan/WebSite/Home/GetChartData?skip=0&take=20&tempId=6f6ac9a3-9879-4485-a5b4-a6ff3156be82&comName=Minyak%20Goreng%20Curah&forInfo=true&_=1777668631222,,
request,,GET,https://www.bi.go.id/hargapangan/WebSite/Home/GetChartData?tempId=6f6ac9a3-9879-4485-a5b4-a6ff3156be82&comName=Minyak%20Goreng%20Kemasan%20Bermerk%201&_=1777668631223,,
request,,GET,https://www.bi.go.id/hargapangan/WebSite/Home/GetChartData?skip=0&take=20&tempId=6f6ac9a3-9879-4485-a5b4-a6ff3156be82&comName=Minyak%20Goreng%20Kemasan%20Bermerk%201&forInfo=true&_=1777668631224,,
request,,GET,https://www.bi.go.id/hargapangan/WebSite/Home/GetChartData?tempId=6f6ac9a3-9879-4485-a5b4-a6ff3156be82&comName=Minyak%20Goreng%20Kemasan%20Bermerk%202&_=1777668631225,,
request,,GET,https://www.bi.go.id/hargapangan/WebSite/Home/GetChartData?skip=0&take=20&tempId=6f6ac9a3-9879-4485-a5b4-a6ff3156be82&comName=Minyak%20Goreng%20Kemasan%20Bermerk%202&forInfo=true&_=1777668631226,,
request,,GET,https://www.bi.go.id/hargapangan/WebSite/Home/GetChartData?tempId=6f6ac9a3-9879-4485-a5b4-a6ff3156be82&comName=Telur%20Ayam%20Ras%20Segar&_=1777668631227,,
request,,GET,https://www.bi.go.id/hargapangan/WebSite/Home/GetChartData?skip=0&take=20&tempId=6f6ac9a3-9879-4485-a5b4-a6ff3156be82&comName=Telur%20Ayam%20Ras%20Segar&forInfo=true&_=1777668631228,,
request,,GET,https://www.bi.go.id/hargapangan/WebSite/Home/GetGridData1?tanggal=May%201%2C%202026&commodity=1&priceType=1&isPasokan=1&jenis=1&periode=1&provId=0&_=1777668631229,,
response,200.0,,https://www.bi.go.id/hargapangan/assets/plugins/font-awesome/fonts/fontawesome-webfont.woff2?v=4.7.0,,
response,200.0,,https://www.bi.go.id/hargapangan/WebSite/Home/GetCommoditiesTree?_=1777668631181,2829.0,"{""data"":[{""TreeID"":""1"",""TreeName"":""Beras"",""ParentID"":null,""HasCom"":1,""id_order"":1},{""TreeID"":""1_1"",""TreeName"":""Beras Kualitas Bawah I"",""ParentID"":""1"",""HasCom"":null,""id_order"":1},{""TreeID"":""1_2"",""TreeName"":""Beras Kualitas Bawah II"",""ParentID"":""1"",""HasCom"":null,""id_order"":1},{""TreeID"":""1_3"",""TreeName"":""Beras Kualitas Medium I"",""ParentID"":""1"",""HasCom"":null,""id_order"":1},{""TreeID"":""1_4"",""TreeName"":""Beras Kualitas Medium II"",""ParentID"":""1"",""HasCom"":null,""id_order"":1},{""TreeID"":""1_5"",""TreeName"":""Beras Kualitas Super I"",""ParentID"":""1"",""HasCom"":null,""id_order"":1},{""TreeID"":""1_6"",""TreeName"":""Beras Kualitas Super II"",""ParentID"":""1"",""HasCom"":null,""id_order"":1},{""TreeID"":""2"",""TreeName"":""Daging Ayam"",""ParentID"":null,""HasCom"":1,""id_order"":2},{""TreeID"":""2_7"",""TreeName"":""Daging Ayam Ras Segar"",""ParentID"":""2"",""HasCom"":null,""id_order"":2},{""TreeID"":""3"",""TreeName"":""Daging Sapi"",""ParentID"":null,""HasCom"":1,""id_order"":3},{""TreeID"":""3_8"",""TreeName"":""Daging Sapi Kualitas 1"",""ParentID"":""3"",""HasCom"":null,""id_ord"
response,200.0,,https://www.bi.go.id/hargapangan/WebSite/Home/GetType?filter=%5B%22price_type_id%22%2C1%5D&_=1777668631182,68.0,"{""data"":[{""price_type_id"":1,""price_type_name"":""Pasar Tradisional""}]}"
response,200.0,,https://www.bi.go.id/hargapangan/WebSite/Home/GetProvinceAll?filter=%5B%22province_id%22%2C0%5D&_=1777668631183,61.0,"{""data"":[{""province_id"":0,""province_name"":""Semua Provinsi""}]}"
response,200.0,,https://www.bi.go.id/hargapangan/WebSite/Home/GetDummyMarkerForLegend?isPasokan=function()%20%7B%20return%20$(%22%23isPasokan%22).val();%20%7D,568.0,"[{""type"":""FeatureCollection"",""features"":[{""name"":""Jawa Barat"",""Kelompok"":""5"",""color"":""#1c8246"",""coordinates"":[0,0]},{""name"":""Jawa Tengah"",""Kelompok"":""4"",""color"":""#8cb938"",""coordinates"":[0,0]},{""name"":""Sumatera Barat"",""Kelompok"":""3"",""color"":""#27ae65"",""coordinates"":[0,0]},{""name"":""Jawa Timur"",""Kelompok"":""2"",""color"":""#c0392b"",""coordinates"":[0,0]},{""name"":""Sumatera Selatan"",""Kelompok"":""1"",""color"":""#7c1d15"",""coordinates"":[0,0]},{""name"":""Bali"",""Kelompok"":""6"",""color"":""#bbbbbb"",""coordinates"":[0,0]},{""name"":""Papua"",""Kelompok"":""7"",""color"":""#ffffff"",""coordinates"":[0,0]}]}]"
response,200.0,,https://www.bi.go.id/hargapangan/WebSite/Home/GetHistogramData?tanggal=01%20Mei%202026&commodity=1&priceType=1&isPasokan=1&jenis=1&periode=1&provId=0&_=1777668631184,2.0,[]
response,200.0,,https://www.bi.go.id/hargapangan/WebSite/Home/GetProvinceAll?filter=%5B%22province_id%22%2C0%5D&_=1777668631185,61.0,"{""data"":[{""province_id"":0,""province_name"":""Semua Provinsi""}]}"
response,200.0,,https://www.bi.go.id/hargapangan/WebSite/Home/GetType?filter=%5B%22price_type_id%22%2C1%5D&_=1777668631186,68.0,"{""data"":[{""price_type_id"":1,""price_type_name"":""Pasar Tradisional""}]}"
response,200.0,,https://www.bi.go.id/hargapangan/WebSite/Home/GetChartData?tempId=6f6ac9a3-9879-4485-a5b4-a6ff3156be82&comName=Bawang%20Merah%20Ukuran%20Sedang&_=1777668631187,1116.0,"{""data"":[{""date"":""2026-04-24T00:00:00"",""name"":""Bawang Merah Ukuran Sedang"",""denomination"":""kg"",""price_type_id"":1,""nominal"":46100.00,""harga"":0.00,""fluc"":null,""isMin"":0,""isMax"":1,""isTetap"":0},{""date"":""2026-04-27T00:00:00"",""name"":""Bawang Merah Ukuran Sedang"",""denomination"":""kg"",""price_type_id"":1,""nominal"":46000.00,""harga"":-100.00,""fluc"":-0.22,""isMin"":0,""isMax"":0,""isTetap"":0},{""date"":""2026-04-28T00:00:00"",""name"":""Bawang Merah Ukuran Sedang"",""denomination"":""kg"",""price_type_id"":1,""nominal"":46000.00,""harga"":-100.00,""fluc"":-0.22,""isMin"":0,""isMax"":0,""isTetap"":0},{""date"":""2026-04-29T00:00:00"",""name"":""Bawang Merah Ukuran Sedang"",""denomination"":""kg"",""price_type_id"":1,""nominal"":46050.00,""harga"":-50.00,""fluc"":-0.11,""isMin"":0,""isMax"":0,""isTetap"":0},{""date"":""2026-04-30T00:00:00"",""name"":""Bawang Merah Ukuran Sedang"",""denomination"":""kg"",""price_type_id"":1,""nominal"":45700.00,""harga"":-400.00,""fluc"":-0.87,""isMin"":0,""isMax"":0,""isTetap"":0},{""date"":""2026-05-01T00:00:00"",""name"":""Bawang Merah Ukuran Sedang"",""deno"
response,200.0,,https://www.bi.go.id/hargapangan/WebSite/Home/GetChartData?skip=0&take=20&tempId=6f6ac9a3-9879-4485-a5b4-a6ff3156be82&comName=Bawang%20Merah%20Ukuran%20Sedang&forInfo=true&_=1777668631188,196.0,"{""data"":[{""date"":""2026-05-01T00:00:00"",""name"":""Bawang Merah Ukuran Sedang"",""denomination"":""kg"",""price_type_id"":1,""nominal"":45000.00,""harga"":-1100.00,""fluc"":-2.39,""isMin"":1,""isMax"":0,""isTetap"":0}]}"
response,200.0,,https://www.bi.go.id/hargapangan/WebSite/Home/GetChartData?tempId=6f6ac9a3-9879-4485-a5b4-a6ff3156be82&comName=Bawang%20Putih%20Ukuran%20Sedang&_=1777668631189,1117.0,"{""data"":[{""date"":""2026-04-24T00:00:00"",""name"":""Bawang Putih Ukuran Sedang"",""denomination"":""kg"",""price_type_id"":1,""nominal"":39700.00,""harga"":0.00,""fluc"":null,""isMin"":0,""isMax"":1,""isTetap"":0},{""date"":""2026-04-27T00:00:00"",""name"":""Bawang Putih Ukuran Sedang"",""denomination"":""kg"",""price_type_id"":1,""nominal"":39400.00,""harga"":-300.00,""fluc"":-0.76,""isMin"":0,""isMax"":0,""isTetap"":0},{""date"":""2026-04-28T00:00:00"",""name"":""Bawang Putih Ukuran Sedang"",""denomination"":""kg"",""price_type_id"":1,""nominal"":39450.00,""harga"":-250.00,""fluc"":-0.63,""isMin"":0,""isMax"":0,""isTetap"":0},{""date"":""2026-04-29T00:00:00"",""name"":""Bawang Putih Ukuran Sedang"",""denomination"":""kg"",""price_type_id"":1,""nominal"":39350.00,""harga"":-350.00,""fluc"":-0.88,""isMin"":0,""isMax"":0,""isTetap"":0},{""date"":""2026-04-30T00:00:00"",""name"":""Bawang Putih Ukuran Sedang"",""denomination"":""kg"",""price_type_id"":1,""nominal"":39050.00,""harga"":-650.00,""fluc"":-1.64,""isMin"":0,""isMax"":0,""isTetap"":0},{""date"":""2026-05-01T00:00:00"",""name"":""Bawang Putih Ukuran Sedang"",""den"
response,200.0,,https://www.bi.go.id/hargapangan/WebSite/Home/GetChartData?skip=0&take=20&tempId=6f6ac9a3-9879-4485-a5b4-a6ff3156be82&comName=Bawang%20Putih%20Ukuran%20Sedang&forInfo=true&_=1777668631190,196.0,"{""data"":[{""date"":""2026-05-01T00:00:00"",""name"":""Bawang Putih Ukuran Sedang"",""denomination"":""kg"",""price_type_id"":1,""nominal"":38500.00,""harga"":-1200.00,""fluc"":-3.02,""isMin"":1,""isMax"":0,""isTetap"":0}]}"
response,200.0,,https://www.bi.go.id/hargapangan/WebSite/Home/GetChartData?tempId=6f6ac9a3-9879-4485-a5b4-a6ff3156be82&comName=Beras%20Kualitas%20Bawah%20I&_=1777668631191,1088.0,"{""data"":[{""date"":""2026-04-24T00:00:00"",""name"":""Beras Kualitas Bawah I"",""denomination"":""kg"",""price_type_id"":1,""nominal"":14600.00,""harga"":0.00,""fluc"":null,""isMin"":0,""isMax"":1,""isTetap"":0},{""date"":""2026-04-27T00:00:00"",""name"":""Beras Kualitas Bawah I"",""denomination"":""kg"",""price_type_id"":1,""nominal"":14550.00,""harga"":-50.00,""fluc"":-0.34,""isMin"":0,""isMax"":0,""isTetap"":0},{""date"":""2026-04-28T00:00:00"",""name"":""Beras Kualitas Bawah I"",""denomination"":""kg"",""price_type_id"":1,""nominal"":14550.00,""harga"":-50.00,""fluc"":-0.34,""isMin"":0,""isMax"":0,""isTetap"":0},{""date"":""2026-04-29T00:00:00"",""name"":""Beras Kualitas Bawah I"",""denomination"":""kg"",""price_type_id"":1,""nominal"":14550.00,""harga"":-50.00,""fluc"":-0.34,""isMin"":0,""isMax"":0,""isTetap"":0},{""date"":""2026-04-30T00:00:00"",""name"":""Beras Kualitas Bawah I"",""denomination"":""kg"",""price_type_id"":1,""nominal"":14550.00,""harga"":-50.00,""fluc"":-0.34,""isMin"":0,""isMax"":0,""isTetap"":0},{""date"":""2026-05-01T00:00:00"",""name"":""Beras Kualitas Bawah I"",""denomination"":""kg"",""price_type_"
response,200.0,,https://www.bi.go.id/hargapangan/WebSite/Home/GetChartData?skip=0&take=20&tempId=6f6ac9a3-9879-4485-a5b4-a6ff3156be82&comName=Beras%20Kualitas%20Bawah%20I&forInfo=true&_=1777668631192,191.0,"{""data"":[{""date"":""2026-05-01T00:00:00"",""name"":""Beras Kualitas Bawah I"",""denomination"":""kg"",""price_type_id"":1,""nominal"":14150.00,""harga"":-450.00,""fluc"":-3.08,""isMin"":1,""isMax"":0,""isTetap"":0}]}"
response,200.0,,https://www.bi.go.id/hargapangan/WebSite/Home/GetChartData?tempId=6f6ac9a3-9879-4485-a5b4-a6ff3156be82&comName=Beras%20Kualitas%20Bawah%20II&_=1777668631193,1080.0,"{""data"":[{""date"":""2026-04-24T00:00:00"",""name"":""Beras Kualitas Bawah II"",""denomination"":""kg"",""price_type_id"":1,""nominal"":14550.00,""harga"":0.00,""fluc"":null,""isMin"":1,""isMax"":0,""isTetap"":0},{""date"":""2026-04-27T00:00:00"",""name"":""Beras Kualitas Bawah II"",""denomination"":""kg"",""price_type_id"":1,""nominal"":14550.00,""harga"":0.00,""fluc"":0.00,""isMin"":0,""isMax"":0,""isTetap"":0},{""date"":""2026-04-28T00:00:00"",""name"":""Beras Kualitas Bawah II"",""denomination"":""kg"",""price_type_id"":1,""nominal"":14550.00,""harga"":0.00,""fluc"":0.00,""isMin"":0,""isMax"":0,""isTetap"":0},{""date"":""2026-04-29T00:00:00"",""name"":""Beras Kualitas Bawah II"",""denomination"":""kg"",""price_type_id"":1,""nominal"":14550.00,""harga"":0.00,""fluc"":0.00,""isMin"":0,""isMax"":0,""isTetap"":0},{""date"":""2026-04-30T00:00:00"",""name"":""Beras Kualitas Bawah II"",""denomination"":""kg"",""price_type_id"":1,""nominal"":14550.00,""harga"":0.00,""fluc"":0.00,""isMin"":0,""isMax"":0,""isTetap"":0},{""date"":""2026-05-01T00:00:00"",""name"":""Beras Kualitas Bawah II"",""denomination"":""kg"",""price_type_id"":1,"
response,200.0,,https://www.bi.go.id/hargapangan/WebSite/Home/GetChartData?skip=0&take=20&tempId=6f6ac9a3-9879-4485-a5b4-a6ff3156be82&comName=Beras%20Kualitas%20Bawah%20II&forInfo=true&_=1777668631194,190.0,"{""data"":[{""date"":""2026-05-01T00:00:00"",""name"":""Beras Kualitas Bawah II"",""denomination"":""kg"",""price_type_id"":1,""nominal"":14650.00,""harga"":100.00,""fluc"":0.69,""isMin"":0,""isMax"":1,""isTetap"":0}]}"
response,200.0,,https://www.bi.go.id/hargapangan/WebSite/Home/GetChartData?tempId=6f6ac9a3-9879-4485-a5b4-a6ff3156be82&comName=Beras%20Kualitas%20Medium%20I&_=1777668631195,1082.0,"{""data"":[{""date"":""2026-04-24T00:00:00"",""name"":""Beras Kualitas Medium I"",""denomination"":""kg"",""price_type_id"":1,""nominal"":16100.00,""harga"":0.00,""fluc"":null,""isMin"":0,""isMax"":0,""isTetap"":0},{""date"":""2026-04-27T00:00:00"",""name"":""Beras Kualitas Medium I"",""denomination"":""kg"",""price_type_id"":1,""nominal"":16100.00,""harga"":0.00,""fluc"":0.00,""isMin"":0,""isMax"":0,""isTetap"":0},{""date"":""2026-04-28T00:00:00"",""name"":""Beras Kualitas Medium I"",""denomination"":""kg"",""price_type_id"":1,""nominal"":16100.00,""harga"":0.00,""fluc"":0.00,""isMin"":0,""isMax"":0,""isTetap"":0},{""date"":""2026-04-29T00:00:00"",""name"":""Beras Kualitas Medium I"",""denomination"":""kg"",""price_type_id"":1,""nominal"":16100.00,""harga"":0.00,""fluc"":0.00,""isMin"":0,""isMax"":0,""isTetap"":0},{""date"":""2026-04-30T00:00:00"",""name"":""Beras Kualitas Medium I"",""denomination"":""kg"",""price_type_id"":1,""nominal"":16100.00,""harga"":0.00,""fluc"":0.00,""isMin"":0,""isMax"":1,""isTetap"":0},{""date"":""2026-05-01T00:00:00"",""name"":""Beras Kualitas Medium I"",""denomination"":""kg"",""price_type_id"":1,"
response,200.0,,https://www.bi.go.id/hargapangan/WebSite/Home/GetChartData?skip=0&take=20&tempId=6f6ac9a3-9879-4485-a5b4-a6ff3156be82&comName=Beras%20Kualitas%20Medium%20I&forInfo=true&_=1777668631196,192.0,"{""data"":[{""date"":""2026-05-01T00:00:00"",""name"":""Beras Kualitas Medium I"",""denomination"":""kg"",""price_type_id"":1,""nominal"":15800.00,""harga"":-300.00,""fluc"":-1.86,""isMin"":1,""isMax"":0,""isTetap"":0}]}"
response,200.0,,https://www.bi.go.id/hargapangan/WebSite/Home/GetChartData?tempId=6f6ac9a3-9879-4485-a5b4-a6ff3156be82&comName=Beras%20Kualitas%20Medium%20II&_=1777668631197,1094.0,"{""data"":[{""date"":""2026-04-24T00:00:00"",""name"":""Beras Kualitas Medium II"",""denomination"":""kg"",""price_type_id"":1,""nominal"":15950.00,""harga"":0.00,""fluc"":null,""isMin"":0,""isMax"":0,""isTetap"":0},{""date"":""2026-04-27T00:00:00"",""name"":""Beras Kualitas Medium II"",""denomination"":""kg"",""price_type_id"":1,""nominal"":15900.00,""harga"":-50.00,""fluc"":-0.31,""isMin"":0,""isMax"":0,""isTetap"":0},{""date"":""2026-04-28T00:00:00"",""name"":""Beras Kualitas Medium II"",""denomination"":""kg"",""price_type_id"":1,""nominal"":16000.00,""harga"":50.00,""fluc"":0.31,""isMin"":0,""isMax"":0,""isTetap"":0},{""date"":""2026-04-29T00:00:00"",""name"":""Beras Kualitas Medium II"",""denomination"":""kg"",""price_type_id"":1,""nominal"":16000.00,""harga"":50.00,""fluc"":0.31,""isMin"":0,""isMax"":0,""isTetap"":0},{""date"":""2026-04-30T00:00:00"",""name"":""Beras Kualitas Medium II"",""denomination"":""kg"",""price_type_id"":1,""nominal"":16000.00,""harga"":50.00,""fluc"":0.31,""isMin"":0,""isMax"":1,""isTetap"":0},{""date"":""2026-05-01T00:00:00"",""name"":""Beras Kualitas Medium II"",""denomination"":""kg"",""price"
response,200.0,,https://www.bi.go.id/hargapangan/WebSite/Home/GetChartData?skip=0&take=20&tempId=6f6ac9a3-9879-4485-a5b4-a6ff3156be82&comName=Beras%20Kualitas%20Medium%20II&forInfo=true&_=1777668631198,193.0,"{""data"":[{""date"":""2026-05-01T00:00:00"",""name"":""Beras Kualitas Medium II"",""denomination"":""kg"",""price_type_id"":1,""nominal"":15450.00,""harga"":-500.00,""fluc"":-3.13,""isMin"":1,""isMax"":0,""isTetap"":0}]}"
response,200.0,,https://www.bi.go.id/hargapangan/WebSite/Home/GetChartData?tempId=6f6ac9a3-9879-4485-a5b4-a6ff3156be82&comName=Beras%20Kualitas%20Super%20I&_=1777668631199,1076.0,"{""data"":[{""date"":""2026-04-24T00:00:00"",""name"":""Beras Kualitas Super I"",""denomination"":""kg"",""price_type_id"":1,""nominal"":17350.00,""harga"":0.00,""fluc"":null,""isMin"":0,""isMax"":0,""isTetap"":0},{""date"":""2026-04-27T00:00:00"",""name"":""Beras Kualitas Super I"",""denomination"":""kg"",""price_type_id"":1,""nominal"":17350.00,""harga"":0.00,""fluc"":0.00,""isMin"":0,""isMax"":0,""isTetap"":0},{""date"":""2026-04-28T00:00:00"",""name"":""Beras Kualitas Super I"",""denomination"":""kg"",""price_type_id"":1,""nominal"":17350.00,""harga"":0.00,""fluc"":0.00,""isMin"":0,""isMax"":0,""isTetap"":0},{""date"":""2026-04-29T00:00:00"",""name"":""Beras Kualitas Super I"",""denomination"":""kg"",""price_type_id"":1,""nominal"":17350.00,""harga"":0.00,""fluc"":0.00,""isMin"":0,""isMax"":0,""isTetap"":0},{""date"":""2026-04-30T00:00:00"",""name"":""Beras Kualitas Super I"",""denomination"":""kg"",""price_type_id"":1,""nominal"":17350.00,""harga"":0.00,""fluc"":0.00,""isMin"":0,""isMax"":1,""isTetap"":0},{""date"":""2026-05-01T00:00:00"",""name"":""Beras Kualitas Super I"",""denomination"":""kg"",""price_type_id"":1,""nomin"
response,200.0,,https://www.bi.go.id/hargapangan/WebSite/Home/GetChartData?skip=0&take=20&tempId=6f6ac9a3-9879-4485-a5b4-a6ff3156be82&comName=Beras%20Kualitas%20Super%20I&forInfo=true&_=1777668631200,191.0,"{""data"":[{""date"":""2026-05-01T00:00:00"",""name"":""Beras Kualitas Super I"",""denomination"":""kg"",""price_type_id"":1,""nominal"":16850.00,""harga"":-500.00,""fluc"":-2.88,""isMin"":1,""isMax"":0,""isTetap"":0}]}"
response,200.0,,https://www.bi.go.id/hargapangan/WebSite/Home/GetChartData?tempId=6f6ac9a3-9879-4485-a5b4-a6ff3156be82&comName=Beras%20Kualitas%20Super%20II&_=1777668631201,1082.0,"{""data"":[{""date"":""2026-04-24T00:00:00"",""name"":""Beras Kualitas Super II"",""denomination"":""kg"",""price_type_id"":1,""nominal"":16900.00,""harga"":0.00,""fluc"":null,""isMin"":0,""isMax"":0,""isTetap"":0},{""date"":""2026-04-27T00:00:00"",""name"":""Beras Kualitas Super II"",""denomination"":""kg"",""price_type_id"":1,""nominal"":16900.00,""harga"":0.00,""fluc"":0.00,""isMin"":0,""isMax"":0,""isTetap"":0},{""date"":""2026-04-28T00:00:00"",""name"":""Beras Kualitas Super II"",""denomination"":""kg"",""price_type_id"":1,""nominal"":16900.00,""harga"":0.00,""fluc"":0.00,""isMin"":0,""isMax"":0,""isTetap"":0},{""date"":""2026-04-29T00:00:00"",""name"":""Beras Kualitas Super II"",""denomination"":""kg"",""price_type_id"":1,""nominal"":16900.00,""harga"":0.00,""fluc"":0.00,""isMin"":0,""isMax"":0,""isTetap"":0},{""date"":""2026-04-30T00:00:00"",""name"":""Beras Kualitas Super II"",""denomination"":""kg"",""price_type_id"":1,""nominal"":16900.00,""harga"":0.00,""fluc"":0.00,""isMin"":0,""isMax"":1,""isTetap"":0},{""date"":""2026-05-01T00:00:00"",""name"":""Beras Kualitas Super II"",""denomination"":""kg"",""price_type_id"":1,"
response,200.0,,https://www.bi.go.id/hargapangan/WebSite/Home/GetChartData?skip=0&take=20&tempId=6f6ac9a3-9879-4485-a5b4-a6ff3156be82&comName=Beras%20Kualitas%20Super%20II&forInfo=true&_=1777668631202,192.0,"{""data"":[{""date"":""2026-05-01T00:00:00"",""name"":""Beras Kualitas Super II"",""denomination"":""kg"",""price_type_id"":1,""nominal"":16400.00,""harga"":-500.00,""fluc"":-2.96,""isMin"":1,""isMax"":0,""isTetap"":0}]}"
response,200.0,,https://www.bi.go.id/hargapangan/WebSite/Home/GetChartData?tempId=6f6ac9a3-9879-4485-a5b4-a6ff3156be82&comName=Cabai%20Merah%20Besar&_=1777668631203,1052.0,"{""data"":[{""date"":""2026-04-24T00:00:00"",""name"":""Cabai Merah Besar"",""denomination"":""kg"",""price_type_id"":1,""nominal"":48750.00,""harga"":0.00,""fluc"":null,""isMin"":1,""isMax"":0,""isTetap"":0},{""date"":""2026-04-27T00:00:00"",""name"":""Cabai Merah Besar"",""denomination"":""kg"",""price_type_id"":1,""nominal"":49600.00,""harga"":850.00,""fluc"":1.74,""isMin"":0,""isMax"":0,""isTetap"":0},{""date"":""2026-04-28T00:00:00"",""name"":""Cabai Merah Besar"",""denomination"":""kg"",""price_type_id"":1,""nominal"":49650.00,""harga"":900.00,""fluc"":1.85,""isMin"":0,""isMax"":1,""isTetap"":0},{""date"":""2026-04-29T00:00:00"",""name"":""Cabai Merah Besar"",""denomination"":""kg"",""price_type_id"":1,""nominal"":49250.00,""harga"":500.00,""fluc"":1.03,""isMin"":0,""isMax"":0,""isTetap"":0},{""date"":""2026-04-30T00:00:00"",""name"":""Cabai Merah Besar"",""denomination"":""kg"",""price_type_id"":1,""nominal"":49200.00,""harga"":450.00,""fluc"":0.92,""isMin"":0,""isMax"":0,""isTetap"":0},{""date"":""2026-05-01T00:00:00"",""name"":""Cabai Merah Besar"",""denomination"":""kg"",""price_type_id"":1,""nominal"":49500.00,""harga"":7"
response,200.0,,https://www.bi.go.id/hargapangan/WebSite/Home/GetChartData?skip=0&take=20&tempId=6f6ac9a3-9879-4485-a5b4-a6ff3156be82&comName=Cabai%20Merah%20Besar&forInfo=true&_=1777668631204,184.0,"{""data"":[{""date"":""2026-05-01T00:00:00"",""name"":""Cabai Merah Besar"",""denomination"":""kg"",""price_type_id"":1,""nominal"":49500.00,""harga"":750.00,""fluc"":1.54,""isMin"":0,""isMax"":0,""isTetap"":0}]}"
response,200.0,,https://www.bi.go.id/hargapangan/WebSite/Home/GetChartData?tempId=6f6ac9a3-9879-4485-a5b4-a6ff3156be82&comName=Cabai%20Merah%20Keriting%20&_=1777668631205,1081.0,"{""data"":[{""date"":""2026-04-24T00:00:00"",""name"":""Cabai Merah Keriting "",""denomination"":""kg"",""price_type_id"":1,""nominal"":46750.00,""harga"":0.00,""fluc"":null,""isMin"":0,""isMax"":0,""isTetap"":0},{""date"":""2026-04-27T00:00:00"",""name"":""Cabai Merah Keriting "",""denomination"":""kg"",""price_type_id"":1,""nominal"":46700.00,""harga"":-50.00,""fluc"":-0.11,""isMin"":0,""isMax"":0,""isTetap"":0},{""date"":""2026-04-28T00:00:00"",""name"":""Cabai Merah Keriting "",""denomination"":""kg"",""price_type_id"":1,""nominal"":46850.00,""harga"":100.00,""fluc"":0.21,""isMin"":0,""isMax"":1,""isTetap"":0},{""date"":""2026-04-29T00:00:00"",""name"":""Cabai Merah Keriting "",""denomination"":""kg"",""price_type_id"":1,""nominal"":46800.00,""harga"":50.00,""fluc"":0.11,""isMin"":0,""isMax"":0,""isTetap"":0},{""date"":""2026-04-30T00:00:00"",""name"":""Cabai Merah Keriting "",""denomination"":""kg"",""price_type_id"":1,""nominal"":46600.00,""harga"":-150.00,""fluc"":-0.32,""isMin"":0,""isMax"":0,""isTetap"":0},{""date"":""2026-05-01T00:00:00"",""name"":""Cabai Merah Keriting "",""denomination"":""kg"",""price_type_id"":1,""n"
response,200.0,,https://www.bi.go.id/hargapangan/WebSite/Home/GetChartData?skip=0&take=20&tempId=6f6ac9a3-9879-4485-a5b4-a6ff3156be82&comName=Cabai%20Merah%20Keriting%20&forInfo=true&_=1777668631206,191.0,"{""data"":[{""date"":""2026-05-01T00:00:00"",""name"":""Cabai Merah Keriting "",""denomination"":""kg"",""price_type_id"":1,""nominal"":43900.00,""harga"":-2850.00,""fluc"":-6.10,""isMin"":1,""isMax"":0,""isTetap"":0}]}"
response,200.0,,https://www.bi.go.id/hargapangan/WebSite/Home/GetChartData?tempId=6f6ac9a3-9879-4485-a5b4-a6ff3156be82&comName=Cabai%20Rawit%20Hijau&_=1777668631207,1064.0,"{""data"":[{""date"":""2026-04-24T00:00:00"",""name"":""Cabai Rawit Hijau"",""denomination"":""kg"",""price_type_id"":1,""nominal"":49000.00,""harga"":0.00,""fluc"":null,""isMin"":0,""isMax"":1,""isTetap"":0},{""date"":""2026-04-27T00:00:00"",""name"":""Cabai Rawit Hijau"",""denomination"":""kg"",""price_type_id"":1,""nominal"":48700.00,""harga"":-300.00,""fluc"":-0.61,""isMin"":0,""isMax"":0,""isTetap"":0},{""date"":""2026-04-28T00:00:00"",""name"":""Cabai Rawit Hijau"",""denomination"":""kg"",""price_type_id"":1,""nominal"":48550.00,""harga"":-450.00,""fluc"":-0.92,""isMin"":0,""isMax"":0,""isTetap"":0},{""date"":""2026-04-29T00:00:00"",""name"":""Cabai Rawit Hijau"",""denomination"":""kg"",""price_type_id"":1,""nominal"":48600.00,""harga"":-400.00,""fluc"":-0.82,""isMin"":0,""isMax"":0,""isTetap"":0},{""date"":""2026-04-30T00:00:00"",""name"":""Cabai Rawit Hijau"",""denomination"":""kg"",""price_type_id"":1,""nominal"":48500.00,""harga"":-500.00,""fluc"":-1.02,""isMin"":0,""isMax"":0,""isTetap"":0},{""date"":""2026-05-01T00:00:00"",""name"":""Cabai Rawit Hijau"",""denomination"":""kg"",""price_type_id"":1,""nominal"":43050.00,"""
response,200.0,,https://www.bi.go.id/hargapangan/WebSite/Home/GetChartData?skip=0&take=20&tempId=6f6ac9a3-9879-4485-a5b4-a6ff3156be82&comName=Cabai%20Rawit%20Hijau&forInfo=true&_=1777668631208,188.0,"{""data"":[{""date"":""2026-05-01T00:00:00"",""name"":""Cabai Rawit Hijau"",""denomination"":""kg"",""price_type_id"":1,""nominal"":43050.00,""harga"":-5950.00,""fluc"":-12.14,""isMin"":1,""isMax"":0,""isTetap"":0}]}"
response,200.0,,https://www.bi.go.id/hargapangan/WebSite/Home/GetChartData?tempId=6f6ac9a3-9879-4485-a5b4-a6ff3156be82&comName=Cabai%20Rawit%20Merah&_=1777668631209,1067.0,"{""data"":[{""date"":""2026-04-24T00:00:00"",""name"":""Cabai Rawit Merah"",""denomination"":""kg"",""price_type_id"":1,""nominal"":64050.00,""harga"":0.00,""fluc"":null,""isMin"":0,""isMax"":1,""isTetap"":0},{""date"":""2026-04-27T00:00:00"",""name"":""Cabai Rawit Merah"",""denomination"":""kg"",""price_type_id"":1,""nominal"":61600.00,""harga"":-2450.00,""fluc"":-3.83,""isMin"":0,""isMax"":0,""isTetap"":0},{""date"":""2026-04-28T00:00:00"",""name"":""Cabai Rawit Merah"",""denomination"":""kg"",""price_type_id"":1,""nominal"":61100.00,""harga"":-2950.00,""fluc"":-4.61,""isMin"":0,""isMax"":0,""isTetap"":0},{""date"":""2026-04-29T00:00:00"",""name"":""Cabai Rawit Merah"",""denomination"":""kg"",""price_type_id"":1,""nominal"":60400.00,""harga"":-3650.00,""fluc"":-5.70,""isMin"":0,""isMax"":0,""isTetap"":0},{""date"":""2026-04-30T00:00:00"",""name"":""Cabai Rawit Merah"",""denomination"":""kg"",""price_type_id"":1,""nominal"":58650.00,""harga"":-5400.00,""fluc"":-8.43,""isMin"":1,""isMax"":0,""isTetap"":0},{""date"":""2026-05-01T00:00:00"",""name"":""Cabai Rawit Merah"",""denomination"":""kg"",""price_type_id"":1,""nominal"":60000."
response,200.0,,https://www.bi.go.id/hargapangan/WebSite/Home/GetChartData?skip=0&take=20&tempId=6f6ac9a3-9879-4485-a5b4-a6ff3156be82&comName=Cabai%20Rawit%20Merah&forInfo=true&_=1777668631210,187.0,"{""data"":[{""date"":""2026-05-01T00:00:00"",""name"":""Cabai Rawit Merah"",""denomination"":""kg"",""price_type_id"":1,""nominal"":60000.00,""harga"":-4050.00,""fluc"":-6.32,""isMin"":0,""isMax"":0,""isTetap"":0}]}"
response,200.0,,https://www.bi.go.id/hargapangan/WebSite/Home/GetChartData?tempId=6f6ac9a3-9879-4485-a5b4-a6ff3156be82&comName=Daging%20Ayam%20Ras%20Segar&_=1777668631211,1085.0,"{""data"":[{""date"":""2026-04-24T00:00:00"",""name"":""Daging Ayam Ras Segar"",""denomination"":""kg"",""price_type_id"":1,""nominal"":39200.00,""harga"":0.00,""fluc"":null,""isMin"":0,""isMax"":0,""isTetap"":0},{""date"":""2026-04-27T00:00:00"",""name"":""Daging Ayam Ras Segar"",""denomination"":""kg"",""price_type_id"":1,""nominal"":38700.00,""harga"":-500.00,""fluc"":-1.28,""isMin"":0,""isMax"":0,""isTetap"":0},{""date"":""2026-04-28T00:00:00"",""name"":""Daging Ayam Ras Segar"",""denomination"":""kg"",""price_type_id"":1,""nominal"":38600.00,""harga"":-600.00,""fluc"":-1.53,""isMin"":1,""isMax"":0,""isTetap"":0},{""date"":""2026-04-29T00:00:00"",""name"":""Daging Ayam Ras Segar"",""denomination"":""kg"",""price_type_id"":1,""nominal"":38600.00,""harga"":-600.00,""fluc"":-1.53,""isMin"":0,""isMax"":0,""isTetap"":0},{""date"":""2026-04-30T00:00:00"",""name"":""Daging Ayam Ras Segar"",""denomination"":""kg"",""price_type_id"":1,""nominal"":38700.00,""harga"":-500.00,""fluc"":-1.28,""isMin"":0,""isMax"":0,""isTetap"":0},{""date"":""2026-05-01T00:00:00"",""name"":""Daging Ayam Ras Segar"",""denomination"":""kg"",""price_type_id"
response,200.0,,https://www.bi.go.id/hargapangan/WebSite/Home/GetChartData?skip=0&take=20&tempId=6f6ac9a3-9879-4485-a5b4-a6ff3156be82&comName=Daging%20Ayam%20Ras%20Segar&forInfo=true&_=1777668631212,189.0,"{""data"":[{""date"":""2026-05-01T00:00:00"",""name"":""Daging Ayam Ras Segar"",""denomination"":""kg"",""price_type_id"":1,""nominal"":40250.00,""harga"":1050.00,""fluc"":2.68,""isMin"":0,""isMax"":1,""isTetap"":0}]}"
response,200.0,,https://www.bi.go.id/hargapangan/WebSite/Home/GetChartData?tempId=6f6ac9a3-9879-4485-a5b4-a6ff3156be82&comName=Daging%20Sapi%20Kualitas%201&_=1777668631213,1099.0,"{""data"":[{""date"":""2026-04-24T00:00:00"",""name"":""Daging Sapi Kualitas 1"",""denomination"":""kg"",""price_type_id"":1,""nominal"":148150.00,""harga"":0.00,""fluc"":null,""isMin"":0,""isMax"":1,""isTetap"":0},{""date"":""2026-04-27T00:00:00"",""name"":""Daging Sapi Kualitas 1"",""denomination"":""kg"",""price_type_id"":1,""nominal"":147850.00,""harga"":-300.00,""fluc"":-0.20,""isMin"":0,""isMax"":0,""isTetap"":0},{""date"":""2026-04-28T00:00:00"",""name"":""Daging Sapi Kualitas 1"",""denomination"":""kg"",""price_type_id"":1,""nominal"":148050.00,""harga"":-100.00,""fluc"":-0.07,""isMin"":0,""isMax"":0,""isTetap"":0},{""date"":""2026-04-29T00:00:00"",""name"":""Daging Sapi Kualitas 1"",""denomination"":""kg"",""price_type_id"":1,""nominal"":148000.00,""harga"":-150.00,""fluc"":-0.10,""isMin"":0,""isMax"":0,""isTetap"":0},{""date"":""2026-04-30T00:00:00"",""name"":""Daging Sapi Kualitas 1"",""denomination"":""kg"",""price_type_id"":1,""nominal"":148000.00,""harga"":-150.00,""fluc"":-0.10,""isMin"":0,""isMax"":0,""isTetap"":0},{""date"":""2026-05-01T00:00:00"",""name"":""Daging Sapi Kualitas 1"",""denomination"":""kg"",""pr"
response,200.0,,https://www.bi.go.id/hargapangan/WebSite/Home/GetChartData?skip=0&take=20&tempId=6f6ac9a3-9879-4485-a5b4-a6ff3156be82&comName=Daging%20Sapi%20Kualitas%201&forInfo=true&_=1777668631214,193.0,"{""data"":[{""date"":""2026-05-01T00:00:00"",""name"":""Daging Sapi Kualitas 1"",""denomination"":""kg"",""price_type_id"":1,""nominal"":142900.00,""harga"":-5250.00,""fluc"":-3.54,""isMin"":1,""isMax"":0,""isTetap"":0}]}"
response,200.0,,https://www.bi.go.id/hargapangan/WebSite/Home/GetChartData?tempId=6f6ac9a3-9879-4485-a5b4-a6ff3156be82&comName=Daging%20Sapi%20Kualitas%202&_=1777668631215,1099.0,"{""data"":[{""date"":""2026-04-24T00:00:00"",""name"":""Daging Sapi Kualitas 2"",""denomination"":""kg"",""price_type_id"":1,""nominal"":140100.00,""harga"":0.00,""fluc"":null,""isMin"":0,""isMax"":1,""isTetap"":0},{""date"":""2026-04-27T00:00:00"",""name"":""Daging Sapi Kualitas 2"",""denomination"":""kg"",""price_type_id"":1,""nominal"":139950.00,""harga"":-150.00,""fluc"":-0.11,""isMin"":0,""isMax"":0,""isTetap"":0},{""date"":""2026-04-28T00:00:00"",""name"":""Daging Sapi Kualitas 2"",""denomination"":""kg"",""price_type_id"":1,""nominal"":139950.00,""harga"":-150.00,""fluc"":-0.11,""isMin"":0,""isMax"":0,""isTetap"":0},{""date"":""2026-04-29T00:00:00"",""name"":""Daging Sapi Kualitas 2"",""denomination"":""kg"",""price_type_id"":1,""nominal"":139900.00,""harga"":-200.00,""fluc"":-0.14,""isMin"":0,""isMax"":0,""isTetap"":0},{""date"":""2026-04-30T00:00:00"",""name"":""Daging Sapi Kualitas 2"",""denomination"":""kg"",""price_type_id"":1,""nominal"":139950.00,""harga"":-150.00,""fluc"":-0.11,""isMin"":0,""isMax"":0,""isTetap"":0},{""date"":""2026-05-01T00:00:00"",""name"":""Daging Sapi Kualitas 2"",""denomination"":""kg"",""pr"
response,200.0,,https://www.bi.go.id/hargapangan/WebSite/Home/GetChartData?skip=0&take=20&tempId=6f6ac9a3-9879-4485-a5b4-a6ff3156be82&comName=Daging%20Sapi%20Kualitas%202&forInfo=true&_=1777668631216,193.0,"{""data"":[{""date"":""2026-05-01T00:00:00"",""name"":""Daging Sapi Kualitas 2"",""denomination"":""kg"",""price_type_id"":1,""nominal"":136250.00,""harga"":-3850.00,""fluc"":-2.75,""isMin"":1,""isMax"":0,""isTetap"":0}]}"
response,200.0,,https://www.bi.go.id/hargapangan/WebSite/Home/GetChartData?tempId=6f6ac9a3-9879-4485-a5b4-a6ff3156be82&comName=Gula%20Pasir%20Kualitas%20Premium&_=1777668631217,1106.0,"{""data"":[{""date"":""2026-04-24T00:00:00"",""name"":""Gula Pasir Kualitas Premium"",""denomination"":""kg"",""price_type_id"":1,""nominal"":20250.00,""harga"":0.00,""fluc"":null,""isMin"":0,""isMax"":0,""isTetap"":0},{""date"":""2026-04-27T00:00:00"",""name"":""Gula Pasir Kualitas Premium"",""denomination"":""kg"",""price_type_id"":1,""nominal"":20250.00,""harga"":0.00,""fluc"":0.00,""isMin"":0,""isMax"":0,""isTetap"":0},{""date"":""2026-04-28T00:00:00"",""name"":""Gula Pasir Kualitas Premium"",""denomination"":""kg"",""price_type_id"":1,""nominal"":20250.00,""harga"":0.00,""fluc"":0.00,""isMin"":0,""isMax"":0,""isTetap"":0},{""date"":""2026-04-29T00:00:00"",""name"":""Gula Pasir Kualitas Premium"",""denomination"":""kg"",""price_type_id"":1,""nominal"":20250.00,""harga"":0.00,""fluc"":0.00,""isMin"":0,""isMax"":0,""isTetap"":0},{""date"":""2026-04-30T00:00:00"",""name"":""Gula Pasir Kualitas Premium"",""denomination"":""kg"",""price_type_id"":1,""nominal"":20250.00,""harga"":0.00,""fluc"":0.00,""isMin"":0,""isMax"":1,""isTetap"":0},{""date"":""2026-05-01T00:00:00"",""name"":""Gula Pasir Kualitas Premium"",""denomination"""
response,200.0,,https://www.bi.go.id/hargapangan/WebSite/Home/GetChartData?skip=0&take=20&tempId=6f6ac9a3-9879-4485-a5b4-a6ff3156be82&comName=Gula%20Pasir%20Kualitas%20Premium&forInfo=true&_=1777668631218,196.0,"{""data"":[{""date"":""2026-05-01T00:00:00"",""name"":""Gula Pasir Kualitas Premium"",""denomination"":""kg"",""price_type_id"":1,""nominal"":20100.00,""harga"":-150.00,""fluc"":-0.74,""isMin"":1,""isMax"":0,""isTetap"":0}]}"
response,200.0,,https://www.bi.go.id/hargapangan/WebSite/Home/GetChartData?tempId=6f6ac9a3-9879-4485-a5b4-a6ff3156be82&comName=Gula%20Pasir%20Lokal&_=1777668631219,1043.0,"{""data"":[{""date"":""2026-04-24T00:00:00"",""name"":""Gula Pasir Lokal"",""denomination"":""kg"",""price_type_id"":1,""nominal"":19250.00,""harga"":0.00,""fluc"":null,""isMin"":0,""isMax"":0,""isTetap"":0},{""date"":""2026-04-27T00:00:00"",""name"":""Gula Pasir Lokal"",""denomination"":""kg"",""price_type_id"":1,""nominal"":19250.00,""harga"":0.00,""fluc"":0.00,""isMin"":0,""isMax"":0,""isTetap"":0},{""date"":""2026-04-28T00:00:00"",""name"":""Gula Pasir Lokal"",""denomination"":""kg"",""price_type_id"":1,""nominal"":19250.00,""harga"":0.00,""fluc"":0.00,""isMin"":0,""isMax"":0,""isTetap"":0},{""date"":""2026-04-29T00:00:00"",""name"":""Gula Pasir Lokal"",""denomination"":""kg"",""price_type_id"":1,""nominal"":19250.00,""harga"":0.00,""fluc"":0.00,""isMin"":0,""isMax"":1,""isTetap"":0},{""date"":""2026-04-30T00:00:00"",""name"":""Gula Pasir Lokal"",""denomination"":""kg"",""price_type_id"":1,""nominal"":19200.00,""harga"":-50.00,""fluc"":-0.26,""isMin"":0,""isMax"":0,""isTetap"":0},{""date"":""2026-05-01T00:00:00"",""name"":""Gula Pasir Lokal"",""denomination"":""kg"",""price_type_id"":1,""nominal"":19050.00,""harga"":-200.00,""flu"
response,200.0,,https://www.bi.go.id/hargapangan/WebSite/Home/GetChartData?skip=0&take=20&tempId=6f6ac9a3-9879-4485-a5b4-a6ff3156be82&comName=Gula%20Pasir%20Lokal&forInfo=true&_=1777668631220,185.0,"{""data"":[{""date"":""2026-05-01T00:00:00"",""name"":""Gula Pasir Lokal"",""denomination"":""kg"",""price_type_id"":1,""nominal"":19050.00,""harga"":-200.00,""fluc"":-1.04,""isMin"":1,""isMax"":0,""isTetap"":0}]}"
response,200.0,,https://www.bi.go.id/hargapangan/WebSite/Home/GetChartData?tempId=6f6ac9a3-9879-4485-a5b4-a6ff3156be82&comName=Minyak%20Goreng%20Curah&_=1777668631221,1058.0,"{""data"":[{""date"":""2026-04-24T00:00:00"",""name"":""Minyak Goreng Curah"",""denomination"":""kg"",""price_type_id"":1,""nominal"":20500.00,""harga"":0.00,""fluc"":null,""isMin"":1,""isMax"":0,""isTetap"":0},{""date"":""2026-04-27T00:00:00"",""name"":""Minyak Goreng Curah"",""denomination"":""kg"",""price_type_id"":1,""nominal"":20500.00,""harga"":0.00,""fluc"":0.00,""isMin"":0,""isMax"":0,""isTetap"":0},{""date"":""2026-04-28T00:00:00"",""name"":""Minyak Goreng Curah"",""denomination"":""kg"",""price_type_id"":1,""nominal"":20550.00,""harga"":50.00,""fluc"":0.24,""isMin"":0,""isMax"":0,""isTetap"":0},{""date"":""2026-04-29T00:00:00"",""name"":""Minyak Goreng Curah"",""denomination"":""kg"",""price_type_id"":1,""nominal"":20550.00,""harga"":50.00,""fluc"":0.24,""isMin"":0,""isMax"":0,""isTetap"":0},{""date"":""2026-04-30T00:00:00"",""name"":""Minyak Goreng Curah"",""denomination"":""kg"",""price_type_id"":1,""nominal"":20550.00,""harga"":50.00,""fluc"":0.24,""isMin"":0,""isMax"":0,""isTetap"":0},{""date"":""2026-05-01T00:00:00"",""name"":""Minyak Goreng Curah"",""denomination"":""kg"",""price_type_id"":1,""nominal"":20550.00,""h"
response,200.0,,https://www.bi.go.id/hargapangan/WebSite/Home/GetChartData?skip=0&take=20&tempId=6f6ac9a3-9879-4485-a5b4-a6ff3156be82&comName=Minyak%20Goreng%20Curah&forInfo=true&_=1777668631222,185.0,"{""data"":[{""date"":""2026-05-01T00:00:00"",""name"":""Minyak Goreng Curah"",""denomination"":""kg"",""price_type_id"":1,""nominal"":20550.00,""harga"":50.00,""fluc"":0.24,""isMin"":0,""isMax"":1,""isTetap"":0}]}"
response,200.0,,https://www.bi.go.id/hargapangan/WebSite/Home/GetChartData?tempId=6f6ac9a3-9879-4485-a5b4-a6ff3156be82&comName=Minyak%20Goreng%20Kemasan%20Bermerk%201&_=1777668631223,1135.0,"{""data"":[{""date"":""2026-04-24T00:00:00"",""name"":""Minyak Goreng Kemasan Bermerk 1"",""denomination"":""kg"",""price_type_id"":1,""nominal"":23700.00,""harga"":0.00,""fluc"":null,""isMin"":1,""isMax"":0,""isTetap"":0},{""date"":""2026-04-27T00:00:00"",""name"":""Minyak Goreng Kemasan Bermerk 1"",""denomination"":""kg"",""price_type_id"":1,""nominal"":23750.00,""harga"":50.00,""fluc"":0.21,""isMin"":0,""isMax"":0,""isTetap"":0},{""date"":""2026-04-28T00:00:00"",""name"":""Minyak Goreng Kemasan Bermerk 1"",""denomination"":""kg"",""price_type_id"":1,""nominal"":23800.00,""harga"":100.00,""fluc"":0.42,""isMin"":0,""isMax"":0,""isTetap"":0},{""date"":""2026-04-29T00:00:00"",""name"":""Minyak Goreng Kemasan Bermerk 1"",""denomination"":""kg"",""price_type_id"":1,""nominal"":23800.00,""harga"":100.00,""fluc"":0.42,""isMin"":0,""isMax"":0,""isTetap"":0},{""date"":""2026-04-30T00:00:00"",""name"":""Minyak Goreng Kemasan Bermerk 1"",""denomination"":""kg"",""price_type_id"":1,""nominal"":23800.00,""harga"":100.00,""fluc"":0.42,""isMin"":0,""isMax"":0,""isTetap"":0},{""date"":""2026-05-01T00:00:00"",""name"":""Minyak Goreng Ke"
response,200.0,,https://www.bi.go.id/hargapangan/WebSite/Home/GetChartData?skip=0&take=20&tempId=6f6ac9a3-9879-4485-a5b4-a6ff3156be82&comName=Minyak%20Goreng%20Kemasan%20Bermerk%201&forInfo=true&_=1777668631224,198.0,"{""data"":[{""date"":""2026-05-01T00:00:00"",""name"":""Minyak Goreng Kemasan Bermerk 1"",""denomination"":""kg"",""price_type_id"":1,""nominal"":24050.00,""harga"":350.00,""fluc"":1.48,""isMin"":0,""isMax"":1,""isTetap"":0}]}"
response,200.0,,https://www.bi.go.id/hargapangan/WebSite/Home/GetChartData?tempId=6f6ac9a3-9879-4485-a5b4-a6ff3156be82&comName=Minyak%20Goreng%20Kemasan%20Bermerk%202&_=1777668631225,1135.0,"{""data"":[{""date"":""2026-04-24T00:00:00"",""name"":""Minyak Goreng Kemasan Bermerk 2"",""denomination"":""kg"",""price_type_id"":1,""nominal"":22750.00,""harga"":0.00,""fluc"":null,""isMin"":1,""isMax"":0,""isTetap"":0},{""date"":""2026-04-27T00:00:00"",""name"":""Minyak Goreng Kemasan Bermerk 2"",""denomination"":""kg"",""price_type_id"":1,""nominal"":22850.00,""harga"":100.00,""fluc"":0.44,""isMin"":0,""isMax"":0,""isTetap"":0},{""date"":""2026-04-28T00:00:00"",""name"":""Minyak Goreng Kemasan Bermerk 2"",""denomination"":""kg"",""price_type_id"":1,""nominal"":22850.00,""harga"":100.00,""fluc"":0.44,""isMin"":0,""isMax"":0,""isTetap"":0},{""date"":""2026-04-29T00:00:00"",""name"":""Minyak Goreng Kemasan Bermerk 2"",""denomination"":""kg"",""price_type_id"":1,""nominal"":22850.00,""harga"":100.00,""fluc"":0.44,""isMin"":0,""isMax"":0,""isTetap"":0},{""date"":""2026-04-30T00:00:00"",""name"":""Minyak Goreng Kemasan Bermerk 2"",""denomination"":""kg"",""price_type_id"":1,""nominal"":22850.00,""harga"":100.00,""fluc"":0.44,""isMin"":0,""isMax"":1,""isTetap"":0},{""date"":""2026-05-01T00:00:00"",""name"":""Minyak Goreng K"
response,200.0,,https://www.bi.go.id/hargapangan/WebSite/Home/GetChartData?skip=0&take=20&tempId=6f6ac9a3-9879-4485-a5b4-a6ff3156be82&comName=Minyak%20Goreng%20Kemasan%20Bermerk%202&forInfo=true&_=1777668631226,197.0,"{""data"":[{""date"":""2026-05-01T00:00:00"",""name"":""Minyak Goreng Kemasan Bermerk 2"",""denomination"":""kg"",""price_type_id"":1,""nominal"":22800.00,""harga"":50.00,""fluc"":0.22,""isMin"":0,""isMax"":0,""isTetap"":0}]}"
response,200.0,,https://www.bi.go.id/hargapangan/WebSite/Home/GetChartData?tempId=6f6ac9a3-9879-4485-a5b4-a6ff3156be82&comName=Telur%20Ayam%20Ras%20Segar&_=1777668631227,1080.0,"{""data"":[{""date"":""2026-04-24T00:00:00"",""name"":""Telur Ayam Ras Segar"",""denomination"":""kg"",""price_type_id"":1,""nominal"":31950.00,""harga"":0.00,""fluc"":null,""isMin"":0,""isMax"":1,""isTetap"":0},{""date"":""2026-04-27T00:00:00"",""name"":""Telur Ayam Ras Segar"",""denomination"":""kg"",""price_type_id"":1,""nominal"":31700.00,""harga"":-250.00,""fluc"":-0.78,""isMin"":0,""isMax"":0,""isTetap"":0},{""date"":""2026-04-28T00:00:00"",""name"":""Telur Ayam Ras Segar"",""denomination"":""kg"",""price_type_id"":1,""nominal"":31600.00,""harga"":-350.00,""fluc"":-1.10,""isMin"":0,""isMax"":0,""isTetap"":0},{""date"":""2026-04-29T00:00:00"",""name"":""Telur Ayam Ras Segar"",""denomination"":""kg"",""price_type_id"":1,""nominal"":31550.00,""harga"":-400.00,""fluc"":-1.25,""isMin"":0,""isMax"":0,""isTetap"":0},{""date"":""2026-04-30T00:00:00"",""name"":""Telur Ayam Ras Segar"",""denomination"":""kg"",""price_type_id"":1,""nominal"":31500.00,""harga"":-450.00,""fluc"":-1.41,""isMin"":0,""isMax"":0,""isTetap"":0},{""date"":""2026-05-01T00:00:00"",""name"":""Telur Ayam Ras Segar"",""denomination"":""kg"",""price_type_id"":1,""n"
response,200.0,,https://www.bi.go.id/hargapangan/WebSite/Home/GetChartData?skip=0&take=20&tempId=6f6ac9a3-9879-4485-a5b4-a6ff3156be82&comName=Telur%20Ayam%20Ras%20Segar&forInfo=true&_=1777668631228,189.0,"{""data"":[{""date"":""2026-05-01T00:00:00"",""name"":""Telur Ayam Ras Segar"",""denomination"":""kg"",""price_type_id"":1,""nominal"":31000.00,""harga"":-950.00,""fluc"":-2.97,""isMin"":1,""isMax"":0,""isTetap"":0}]}"
response,200.0,,https://www.bi.go.id/hargapangan/WebSite/Home/GetGridData1?tanggal=May%201%2C%202026&commodity=1&priceType=1&isPasokan=1&jenis=1&periode=1&provId=0&_=1777668631229,4055.0,"{""data"":[{""ProvID"":18,""Provinsi"":""Nusa Tenggara Barat"",""Tanggal"":""01 Mei 26"",""Komoditas"":""Beras"",""Nilai"":13900.00,""NilaiDiff"":""Rp0"",""SemuaProvinsi"":15700.00,""Kelompok"":5,""stdDev"":7700.00,""Percentage"":0.00,""SemuaPercentage"":0.00,""stdDevPercentage"":null,""TanggalLast"":""30 Apr 26"",""TanggalInflasi"":""01 Mei / 30 Apr"",""show"":true},{""ProvID"":15,""Provinsi"":""DI Yogyakarta"",""Tanggal"":""01 Mei 26"",""Komoditas"":""Beras"",""Nilai"":14200.00,""NilaiDiff"":""Rp0"",""SemuaProvinsi"":15700.00,""Kelompok"":5,""stdDev"":7700.00,""Percentage"":0.00,""SemuaPercentage"":0.00,""stdDevPercentage"":null,""TanggalLast"":""30 Apr 26"",""TanggalInflasi"":""01 Mei / 30 Apr"",""show"":true},{""ProvID"":26,""Provinsi"":""Sulawesi Selatan"",""Tanggal"":""01 Mei 26"",""Komoditas"":""Beras"",""Nilai"":14250.00,""NilaiDiff"":""Rp0"",""SemuaProvinsi"":15700.00,""Kelompok"":5,""stdDev"":7700.00,""Percentage"":0.00,""SemuaPercentage"":0.00,""stdDevPercentage"":null,""TanggalLast"":""30 Apr 26"",""TanggalInflasi"":""01 Mei / 30 Apr"",""show"":true},{""ProvID"":2,""Provinsi"":""Sumatera Utara"",""Tanggal"""
request,,GET,https://www.bi.go.id/hargapangan/TabelHarga/PasarTradisionalDaerah,,
response,200.0,,https://www.bi.go.id/hargapangan/TabelHarga/PasarTradisionalDaerah,47051.0," <!DOCTYPE html> <html dir=""ltr"" lang=""en-US""> <head>      <meta http-equiv=""content-type"" content=""text/html; charset=utf-8"" />     <meta name=""author"" content=""SemiColonWeb"" />      <!-- Stylesheets     ============================================= -->     <link rel=""stylesheet"" href=""/hargapangan/assets/fonts/fonts.css"" />     <link rel=""stylesheet"" href=""/hargapangan/css/bootstrap.css"" type=""text/css"" />     <link rel=""stylesheet"" href=""/hargapangan/style.css"" type=""text/css"" />     <link rel=""stylesheet"" href=""/hargapangan/css/swiper.css"" type=""text/css"" />     <link rel=""stylesheet"" href=""/hargapangan/css/dark.css"" type=""text/css"" />     <link rel=""stylesheet"" href=""/hargapangan/css/font-icons.css"" type=""text/css"" />     <link rel=""stylesheet"" href=""/hargapangan/css/animate.css"" type=""text/css"" />     <link rel=""stylesheet"" href=""/hargapangan/css/magnific-popup.css"" type=""text/css"" />     <link rel=""stylesheet"" href=""/hargapangan/css/font-icons.css"" type=""text/c"
request,,GET,https://www.bi.go.id/hargapangan/WebSite/TabelHarga/GetRefPriceType?filter=%5B%22id%22%2C1%5D&_=1777668638646,,
request,,GET,https://www.bi.go.id/hargapangan/WebSite/TabelHarga/GetChartDaerah?price_type_id=1&comcat_id=&province_id=&regency_id=&market_id=&tipe_laporan=1&start_date=2026-04-24&end_date=2026-05-02&_=1777668638647,,
request,,GET,https://www.bi.go.id/hargapangan/WebSite/TabelHarga/GetRefCommodityAndCategory?_=1777668638648,,
request,,GET,https://www.bi.go.id/hargapangan/WebSite/TabelHarga/GetRefProvince?_=1777668638649,,
request,,GET,https://www.bi.go.id/hargapangan/WebSite/TabelHarga/GetRefRegency?price_type_id=1&ref_prov_id=&_=1777668638650,,
request,,GET,https://www.bi.go.id/hargapangan/WebSite/TabelHarga/GetRefMarket?ref_regency_id=&price_type_id=1&_=1777668638651,,
request,,GET,https://www.bi.go.id/hargapangan/WebSite/TabelHarga/GetGridDataDaerah?price_type_id=1&comcat_id=&province_id=&regency_id=&market_id=&tipe_laporan=1&start_date=2026-04-24&end_date=2026-05-02&_=1777668638652,,
response,200.0,,https://www.bi.go.id/hargapangan/WebSite/TabelHarga/GetRefPriceType?filter=%5B%22id%22%2C1%5D&_=1777668638646,46.0,"{""data"":[{""id"":1,""name"":""Pasar Tradisional""}]}"
response,200.0,,https://www.bi.go.id/hargapangan/WebSite/TabelHarga/GetChartDaerah?price_type_id=1&comcat_id=&province_id=&regency_id=&market_id=&tipe_laporan=1&start_date=2026-04-24&end_date=2026-05-02&_=1777668638647,13.0,"{""data"":[{}]}"
response,200.0,,https://www.bi.go.id/hargapangan/WebSite/TabelHarga/GetRefMarket?ref_regency_id=&price_type_id=1&_=1777668638651,11.0,"{""data"":[]}"
response,200.0,,https://www.bi.go.id/hargapangan/WebSite/TabelHarga/GetRefProvince?_=1777668638649,1097.0,"{""data"":[{""id"":1,""name"":""Aceh""},{""id"":17,""name"":""Bali""},{""id"":11,""name"":""Banten""},{""id"":7,""name"":""Bengkulu""},{""id"":15,""name"":""DI Yogyakarta""},{""id"":13,""name"":""DKI Jakarta""},{""id"":25,""name"":""Gorontalo""},{""id"":6,""name"":""Jambi""},{""id"":12,""name"":""Jawa Barat""},{""id"":14,""name"":""Jawa Tengah""},{""id"":16,""name"":""Jawa Timur""},{""id"":20,""name"":""Kalimantan Barat""},{""id"":21,""name"":""Kalimantan Selatan""},{""id"":22,""name"":""Kalimantan Tengah""},{""id"":23,""name"":""Kalimantan Timur""},{""id"":24,""name"":""Kalimantan Utara""},{""id"":9,""name"":""Kepulauan Bangka Belitung""},{""id"":5,""name"":""Kepulauan Riau""},{""id"":10,""name"":""Lampung""},{""id"":31,""name"":""Maluku""},{""id"":32,""name"":""Maluku Utara""},{""id"":18,""name"":""Nusa Tenggara Barat""},{""id"":19,""name"":""Nusa Tenggara Timur""},{""id"":33,""name"":""Papua""},{""id"":34,""name"":""Papua Barat""},{""id"":4,""name"":""Riau""},{""id"":30,""name"":""Sulawesi Barat""},{""id"":26,""name"":""Sulawesi Selatan""},{""id"":28,""name"":""Sulawesi Tengah""},{""id"":27,""name"":""Sulawesi Tenggara""},{""id"":29,""name"":""Sulawesi Utara""},{""id"""
response,200.0,,https://www.bi.go.id/hargapangan/WebSite/TabelHarga/GetRefCommodityAndCategory?_=1777668638648,2785.0,"{""data"":[{""id"":""cat_1"",""name"":""Beras"",""cat_id"":null,""denomination"":""kg"",""sort"":1},{""id"":""com_1"",""name"":""Beras Kualitas Bawah I"",""cat_id"":""cat_1"",""denomination"":""kg"",""sort"":1},{""id"":""cat_2"",""name"":""Daging Ayam"",""cat_id"":null,""denomination"":""kg"",""sort"":2},{""id"":""com_2"",""name"":""Beras Kualitas Bawah II"",""cat_id"":""cat_1"",""denomination"":""kg"",""sort"":2},{""id"":""cat_3"",""name"":""Daging Sapi"",""cat_id"":null,""denomination"":""kg"",""sort"":3},{""id"":""com_3"",""name"":""Beras Kualitas Medium I"",""cat_id"":""cat_1"",""denomination"":""kg"",""sort"":3},{""id"":""cat_4"",""name"":""Telur Ayam"",""cat_id"":null,""denomination"":""kg"",""sort"":4},{""id"":""com_4"",""name"":""Beras Kualitas Medium II"",""cat_id"":""cat_1"",""denomination"":""kg"",""sort"":4},{""id"":""cat_5"",""name"":""Bawang Merah"",""cat_id"":null,""denomination"":""kg"",""sort"":5},{""id"":""com_5"",""name"":""Beras Kualitas Super I"",""cat_id"":""cat_1"",""denomination"":""kg"",""sort"":5},{""id"":""cat_6"",""name"":""Bawang Putih"",""cat_id"":null,""denomination"":""kg"",""sort"":6},{""id"":""com_6"",""name"":""Beras Kualitas Super II"",""cat_i"
response,200.0,,https://www.bi.go.id/hargapangan/WebSite/TabelHarga/GetRefRegency?price_type_id=1&ref_prov_id=&_=1777668638650,11.0,"{""data"":[]}"
response,200.0,,https://www.bi.go.id/hargapangan/WebSite/TabelHarga/GetGridDataDaerah?price_type_id=1&comcat_id=&province_id=&regency_id=&market_id=&tipe_laporan=1&start_date=2026-04-24&end_date=2026-05-02&_=1777668638652,5626.0,"{""data"":[{""no"":""I"",""name"":""Beras"",""level"":1,""24/04/2026"":""15,950"",""27/04/2026"":""15,950"",""28/04/2026"":""15,950"",""29/04/2026"":""15,950"",""30/04/2026"":""15,950"",""01/05/2026"":""15,700""},{""no"":1,""name"":""Beras Kualitas Bawah I"",""level"":2,""24/04/2026"":""14,600"",""27/04/2026"":""14,550"",""28/04/2026"":""14,550"",""29/04/2026"":""14,550"",""30/04/2026"":""14,550"",""01/05/2026"":""14,150""},{""no"":2,""name"":""Beras Kualitas Bawah II"",""level"":2,""24/04/2026"":""14,550"",""27/04/2026"":""14,550"",""28/04/2026"":""14,550"",""29/04/2026"":""14,550"",""30/04/2026"":""14,550"",""01/05/2026"":""14,650""},{""no"":3,""name"":""Beras Kualitas Medium I"",""level"":2,""24/04/2026"":""16,100"",""27/04/2026"":""16,100"",""28/04/2026"":""16,100"",""29/04/2026"":""16,100"",""30/04/2026"":""16,100"",""01/05/2026"":""15,800""},{""no"":4,""name"":""Beras Kualitas Medium II"",""level"":2,""24/04/2026"":""15,950"",""27/04/2026"":""15,900"",""28/04/2026"":""16,000"",""29/04/2026"":""16,000"",""30/04/2026"":""16,000"",""01/05/2026"":""15,450""},{""no"":5,""name"":""Beras Kualitas Super I"",""level"":2,""24/04/2026"":""17,350"",""27/04/2026"":""1"
request,,GET,https://www.bi.go.id/hargapangan/WebSite/TabelHarga/GetGridDataDaerah?price_type_id=1&comcat_id=&province_id=&regency_id=&market_id=&tipe_laporan=1&start_date=2026-04-24&end_date=2026-05-02&_=1777668638653,,
response,200.0,,https://www.bi.go.id/hargapangan/WebSite/TabelHarga/GetGridDataDaerah?price_type_id=1&comcat_id=&province_id=&regency_id=&market_id=&tipe_laporan=1&start_date=2026-04-24&end_date=2026-05-02&_=1777668638653,5626.0,"{""data"":[{""no"":""I"",""name"":""Beras"",""level"":1,""24/04/2026"":""15,950"",""27/04/2026"":""15,950"",""28/04/2026"":""15,950"",""29/04/2026"":""15,950"",""30/04/2026"":""15,950"",""01/05/2026"":""15,700""},{""no"":1,""name"":""Beras Kualitas Bawah I"",""level"":2,""24/04/2026"":""14,600"",""27/04/2026"":""14,550"",""28/04/2026"":""14,550"",""29/04/2026"":""14,550"",""30/04/2026"":""14,550"",""01/05/2026"":""14,150""},{""no"":2,""name"":""Beras Kualitas Bawah II"",""level"":2,""24/04/2026"":""14,550"",""27/04/2026"":""14,550"",""28/04/2026"":""14,550"",""29/04/2026"":""14,550"",""30/04/2026"":""14,550"",""01/05/2026"":""14,650""},{""no"":3,""name"":""Beras Kualitas Medium I"",""level"":2,""24/04/2026"":""16,100"",""27/04/2026"":""16,100"",""28/04/2026"":""16,100"",""29/04/2026"":""16,100"",""30/04/2026"":""16,100"",""01/05/2026"":""15,800""},{""no"":4,""name"":""Beras Kualitas Medium II"",""level"":2,""24/04/2026"":""15,950"",""27/04/2026"":""15,900"",""28/04/2026"":""16,000"",""29/04/2026"":""16,000"",""30/04/2026"":""16,000"",""01/05/2026"":""15,450""},{""no"":5,""name"":""Beras Kualitas Super I"",""level"":2,""24/04/2026"":""17,350"",""27/04/2026"":""1"
request,,GET,https://www.bi.go.id/hargapangan/TabelHarga/PasarTradisionalKomoditas,,
response,200.0,,https://www.bi.go.id/hargapangan/TabelHarga/PasarTradisionalKomoditas,46444.0," <!DOCTYPE html> <html dir=""ltr"" lang=""en-US""> <head>      <meta http-equiv=""content-type"" content=""text/html; charset=utf-8"" />     <meta name=""author"" content=""SemiColonWeb"" />      <!-- Stylesheets     ============================================= -->     <link rel=""stylesheet"" href=""/hargapangan/assets/fonts/fonts.css"" />     <link rel=""stylesheet"" href=""/hargapangan/css/bootstrap.css"" type=""text/css"" />     <link rel=""stylesheet"" href=""/hargapangan/style.css"" type=""text/css"" />     <link rel=""stylesheet"" href=""/hargapangan/css/swiper.css"" type=""text/css"" />     <link rel=""stylesheet"" href=""/hargapangan/css/dark.css"" type=""text/css"" />     <link rel=""stylesheet"" href=""/hargapangan/css/font-icons.css"" type=""text/css"" />     <link rel=""stylesheet"" href=""/hargapangan/css/animate.css"" type=""text/css"" />     <link rel=""stylesheet"" href=""/hargapangan/css/magnific-popup.css"" type=""text/css"" />     <link rel=""stylesheet"" href=""/hargapangan/css/font-icons.css"" type=""text/c"
request,,GET,https://www.bi.go.id/hargapangan/WebSite/TabelHarga/GetRefPriceType?filter=%5B%22id%22%2C1%5D&_=1777668655666,,
request,,GET,https://www.bi.go.id/hargapangan/WebSite/TabelHarga/GetChartKomoditas?price_type_id=1&comcat_id=cat_1&province_id=&regency_id=&showKota=false&showPasar=false&tipe_laporan=1&start_date=2026-04-24&end_date=2026-05-02&_=1777668655667,,
request,,GET,https://www.bi.go.id/hargapangan/WebSite/TabelHarga/GetRefCommodityAndCategory?_=1777668655668,,
request,,GET,https://www.bi.go.id/hargapangan/WebSite/TabelHarga/GetRefProvince?_=1777668655669,,
request,,GET,https://www.bi.go.id/hargapangan/WebSite/TabelHarga/GetRefRegency?price_type_id=1&ref_prov_id=&_=1777668655670,,
request,,GET,https://www.bi.go.id/hargapangan/WebSite/TabelHarga/GetGridDataKomoditas?price_type_id=1&comcat_id=cat_1&province_id=&regency_id=&showKota=false&showPasar=false&tipe_laporan=1&start_date=2026-04-24&end_date=2026-05-02&_=1777668655671,,
response,200.0,,https://www.bi.go.id/hargapangan/WebSite/TabelHarga/GetRefPriceType?filter=%5B%22id%22%2C1%5D&_=1777668655666,46.0,"{""data"":[{""id"":1,""name"":""Pasar Tradisional""}]}"
response,200.0,,https://www.bi.go.id/hargapangan/WebSite/TabelHarga/GetChartKomoditas?price_type_id=1&comcat_id=cat_1&province_id=&regency_id=&showKota=false&showPasar=false&tipe_laporan=1&start_date=2026-04-24&end_date=2026-05-02&_=1777668655667,13.0,"{""data"":[{}]}"
response,200.0,,https://www.bi.go.id/hargapangan/WebSite/TabelHarga/GetRefProvince?_=1777668655669,1097.0,"{""data"":[{""id"":1,""name"":""Aceh""},{""id"":17,""name"":""Bali""},{""id"":11,""name"":""Banten""},{""id"":7,""name"":""Bengkulu""},{""id"":15,""name"":""DI Yogyakarta""},{""id"":13,""name"":""DKI Jakarta""},{""id"":25,""name"":""Gorontalo""},{""id"":6,""name"":""Jambi""},{""id"":12,""name"":""Jawa Barat""},{""id"":14,""name"":""Jawa Tengah""},{""id"":16,""name"":""Jawa Timur""},{""id"":20,""name"":""Kalimantan Barat""},{""id"":21,""name"":""Kalimantan Selatan""},{""id"":22,""name"":""Kalimantan Tengah""},{""id"":23,""name"":""Kalimantan Timur""},{""id"":24,""name"":""Kalimantan Utara""},{""id"":9,""name"":""Kepulauan Bangka Belitung""},{""id"":5,""name"":""Kepulauan Riau""},{""id"":10,""name"":""Lampung""},{""id"":31,""name"":""Maluku""},{""id"":32,""name"":""Maluku Utara""},{""id"":18,""name"":""Nusa Tenggara Barat""},{""id"":19,""name"":""Nusa Tenggara Timur""},{""id"":33,""name"":""Papua""},{""id"":34,""name"":""Papua Barat""},{""id"":4,""name"":""Riau""},{""id"":30,""name"":""Sulawesi Barat""},{""id"":26,""name"":""Sulawesi Selatan""},{""id"":28,""name"":""Sulawesi Tengah""},{""id"":27,""name"":""Sulawesi Tenggara""},{""id"":29,""name"":""Sulawesi Utara""},{""id"""
response,200.0,,https://www.bi.go.id/hargapangan/WebSite/TabelHarga/GetRefCommodityAndCategory?_=1777668655668,2785.0,"{""data"":[{""id"":""cat_1"",""name"":""Beras"",""cat_id"":null,""denomination"":""kg"",""sort"":1},{""id"":""com_1"",""name"":""Beras Kualitas Bawah I"",""cat_id"":""cat_1"",""denomination"":""kg"",""sort"":1},{""id"":""cat_2"",""name"":""Daging Ayam"",""cat_id"":null,""denomination"":""kg"",""sort"":2},{""id"":""com_2"",""name"":""Beras Kualitas Bawah II"",""cat_id"":""cat_1"",""denomination"":""kg"",""sort"":2},{""id"":""cat_3"",""name"":""Daging Sapi"",""cat_id"":null,""denomination"":""kg"",""sort"":3},{""id"":""com_3"",""name"":""Beras Kualitas Medium I"",""cat_id"":""cat_1"",""denomination"":""kg"",""sort"":3},{""id"":""cat_4"",""name"":""Telur Ayam"",""cat_id"":null,""denomination"":""kg"",""sort"":4},{""id"":""com_4"",""name"":""Beras Kualitas Medium II"",""cat_id"":""cat_1"",""denomination"":""kg"",""sort"":4},{""id"":""cat_5"",""name"":""Bawang Merah"",""cat_id"":null,""denomination"":""kg"",""sort"":5},{""id"":""com_5"",""name"":""Beras Kualitas Super I"",""cat_id"":""cat_1"",""denomination"":""kg"",""sort"":5},{""id"":""cat_6"",""name"":""Bawang Putih"",""cat_id"":null,""denomination"":""kg"",""sort"":6},{""id"":""com_6"",""name"":""Beras Kualitas Super II"",""cat_i"
response,200.0,,https://www.bi.go.id/hargapangan/WebSite/TabelHarga/GetRefRegency?price_type_id=1&ref_prov_id=&_=1777668655670,11.0,"{""data"":[]}"
response,200.0,,https://www.bi.go.id/hargapangan/WebSite/TabelHarga/GetGridDataKomoditas?price_type_id=1&comcat_id=cat_1&province_id=&regency_id=&showKota=false&showPasar=false&tipe_laporan=1&start_date=2026-04-24&end_date=2026-05-02&_=1777668655671,6122.0,"{""data"":[{""no"":""I"",""name"":""Semua Provinsi"",""level"":0,""24/04/2026"":""15,950"",""27/04/2026"":""15,950"",""28/04/2026"":""15,950"",""29/04/2026"":""15,950"",""30/04/2026"":""15,950"",""01/05/2026"":""15,700""},{""no"":""II"",""name"":""Aceh"",""level"":1,""24/04/2026"":""15,150"",""27/04/2026"":""15,150"",""28/04/2026"":""15,150"",""29/04/2026"":""15,150"",""30/04/2026"":""15,150"",""01/05/2026"":""-""},{""no"":""III"",""name"":""Sumatera Utara"",""level"":1,""24/04/2026"":""14,800"",""27/04/2026"":""14,800"",""28/04/2026"":""14,800"",""29/04/2026"":""14,800"",""30/04/2026"":""14,800"",""01/05/2026"":""14,700""},{""no"":""IV"",""name"":""Sumatera Barat"",""level"":1,""24/04/2026"":""18,150"",""27/04/2026"":""18,150"",""28/04/2026"":""18,150"",""29/04/2026"":""18,150"",""30/04/2026"":""18,150"",""01/05/2026"":""18,150""},{""no"":""V"",""name"":""Riau"",""level"":1,""24/04/2026"":""16,450"",""27/04/2026"":""16,450"",""28/04/2026"":""16,450"",""29/04/2026"":""16,450"",""30/04/2026"":""16,450"",""01/05/2026"":""-""},{""no"":""VI"",""name"":""Kepulauan Riau"",""level"":1,""24/04/2026"":""15,500"",""27/04/2026"":""15,500"",""28/04/2026"":""15,500"",""29/04/2026"":""15,500"""
request,,GET,https://www.bi.go.id/hargapangan/WebSite/TabelHarga/GetGridDataKomoditas?price_type_id=1&comcat_id=cat_1&province_id=&regency_id=&showKota=false&showPasar=false&tipe_laporan=1&start_date=2026-04-24&end_date=2026-05-02&_=1777668655672,,
response,200.0,,https://www.bi.go.id/hargapangan/WebSite/TabelHarga/GetGridDataKomoditas?price_type_id=1&comcat_id=cat_1&province_id=&regency_id=&showKota=false&showPasar=false&tipe_laporan=1&start_date=2026-04-24&end_date=2026-05-02&_=1777668655672,6122.0,"{""data"":[{""no"":""I"",""name"":""Semua Provinsi"",""level"":0,""24/04/2026"":""15,950"",""27/04/2026"":""15,950"",""28/04/2026"":""15,950"",""29/04/2026"":""15,950"",""30/04/2026"":""15,950"",""01/05/2026"":""15,700""},{""no"":""II"",""name"":""Aceh"",""level"":1,""24/04/2026"":""15,150"",""27/04/2026"":""15,150"",""28/04/2026"":""15,150"",""29/04/2026"":""15,150"",""30/04/2026"":""15,150"",""01/05/2026"":""-""},{""no"":""III"",""name"":""Sumatera Utara"",""level"":1,""24/04/2026"":""14,800"",""27/04/2026"":""14,800"",""28/04/2026"":""14,800"",""29/04/2026"":""14,800"",""30/04/2026"":""14,800"",""01/05/2026"":""14,700""},{""no"":""IV"",""name"":""Sumatera Barat"",""level"":1,""24/04/2026"":""18,150"",""27/04/2026"":""18,150"",""28/04/2026"":""18,150"",""29/04/2026"":""18,150"",""30/04/2026"":""18,150"",""01/05/2026"":""18,150""},{""no"":""V"",""name"":""Riau"",""level"":1,""24/04/2026"":""16,450"",""27/04/2026"":""16,450"",""28/04/2026"":""16,450"",""29/04/2026"":""16,450"",""30/04/2026"":""16,450"",""01/05/2026"":""-""},{""no"":""VI"",""name"":""Kepulauan Riau"",""level"":1,""24/04/2026"":""15,500"",""27/04/2026"":""15,500"",""28/04/2026"":""15,500"",""29/04/2026"":""15,500"""
